{"train_loss": [0.8943224819611176, 0.8278853674117926, 0.8376528797148949, 0.8236982188071592, 0.8190599995657356, 0.8191521095410355, 0.8277633310463676, 0.788547857325825, 0.7922171064826078, 0.7967073986453349, 0.801156535445447, 0.8087366013482233, 0.8201041478726298, 0.8137390663824886, 0.8299906675737209, 0.8266150033245231, 0.8400569296514422, 0.8433055686716627, 0.8150924761061616, 0.9132112682832062, 0.9753489606121227, 0.9718600258698833, 0.9635341525538841, 0.9528221539243176, 0.9163156209665094], "val_loss": [0.8860545995715806, 0.8861275354947709, 0.9082235197042582, 0.8707930824672889, 0.8334844124515484, 0.815753323754189, 0.8012328426630793, 0.8345093519982921, 0.8023638916985164, 0.8783543249815978, 0.8157104239446178, 0.8285034703238835, 0.871985991318433, 0.8137337869504904, 0.8177769441921918, 0.8203630993855419, 0.950863849653995, 0.8214043966062409, 0.8014850281523248, 0.8269868667156551, 0.8206097506771687, 0.918304831726053, 0.8299666772047385, 0.8787822110815983, 0.8356278157498612], "precision": 0.6918074124275503, "recall": 0.8224094848749783, "f1_score": 0.670491948907167, "accuracy": 0.9082600647848218}